{
  "ItemId": "CAO_Template_Weapon_Daggers",
  "TranslationProperties": {
    "Name": "CAO_Template_Daggers"
  },
  "Model": "Items/Weapons/Dagger/Iron.blockymodel",
  "Texture": "Items/Weapons/Dagger/Iron_Texture.png",
  "Icon": "Icons/ItemsGenerated/Weapon_Daggers_Iron.png",
  "DroppedItemAnimation": "Items/Animations/Dropped/Dropped_Diagonal_Left.blockyanim",
  "PlayerAnimationsId": "Daggers",
  "Reticle": "DefaultMelee",
  "Quality": "Template",
  "ItemSoundSetId": "ISS_Weapon_Blade_Small",
  "ItemLevel": 30,
  "Categories": [
    "Items.Weapons"
  ],
  "IconProperties": {
    "Rotation": [
      45,
      90,
      0
    ],
    "Scale": 0.4,
    "Translation": [
      -19.2,
      -21
    ]
  },
  "Utility": {
    "Compatible": false
  },
  "Interactions": {
    "Primary": "Root_Weapon_Daggers_Primary",
    "Secondary": "Root_Weapon_Daggers_Secondary_Guard",
    "Ability1": "OpenAbilityBar"
  },
  "Tags": {
    "Type": [
      "Weapon"
    ],
    "Family": [
      "Dagger"
    ]
  },
  "Weapon": {
    "EntityStatsToClear": [
      "SignatureEnergy"
    ],
    "StatModifiers": {
      "SignatureEnergy": [
        {
          "Amount": 27,
          "CalculationType": "Additive"
        }
      ]
    },
    "RenderDualWielded": true
  },
  "ItemAppearanceConditions": {
    "SignatureEnergy": [
      {
        "Condition": [
          100,
          100
        ],
        "ConditionValueType": "Percent",
        "Particles": [
          {
            "SystemId": "Daggers_Signature_Ready",
            "TargetNodeName": "Handle",
            "PositionOffset": {
              "X": 0.5
            },
            "TargetEntityPart": "PrimaryItem"
          },
          {
            "SystemId": "Sword_Signature_Status_Spawn",
            "TargetNodeName": "Handle",
            "PositionOffset": {
              "X": 0.4
            },
            "TargetEntityPart": "PrimaryItem",
            "Scale": 0.7
          },
          {
            "SystemId": "Dagger_Signature_Status",
            "TargetNodeName": "Handle",
            "PositionOffset": {
              "X": 0.4
            },
            "TargetEntityPart": "PrimaryItem"
          },
          {
            "SystemId": "Daggers_Signature_Ready",
            "TargetNodeName": "Handle",
            "PositionOffset": {
              "X": 0.5
            },
            "TargetEntityPart": "SecondaryItem"
          },
          {
            "SystemId": "Sword_Signature_Status_Spawn",
            "TargetNodeName": "Handle",
            "PositionOffset": {
              "X": 0.4
            },
            "TargetEntityPart": "SecondaryItem",
            "Scale": 0.7
          },
          {
            "SystemId": "Dagger_Signature_Status",
            "TargetNodeName": "Handle",
            "PositionOffset": {
              "X": 0.4
            },
            "TargetEntityPart": "SecondaryItem"
          }
        ],
        "ModelVFXId": "Sword_Signature_Status",
        "FirstPersonParticles": [
          {
            "SystemId": "Daggers_Signature_Ready",
            "TargetNodeName": "Handle",
            "PositionOffset": {
              "X": 0.5
            },
            "TargetEntityPart": "PrimaryItem"
          },
          {
            "SystemId": "Dagger_Signature_Status",
            "TargetNodeName": "Handle",
            "PositionOffset": {
              "X": 0.4
            },
            "TargetEntityPart": "PrimaryItem"
          },
          {
            "SystemId": "Daggers_Signature_Ready",
            "TargetNodeName": "Handle",
            "PositionOffset": {
              "X": 0.5
            },
            "TargetEntityPart": "SecondaryItem"
          },
          {
            "SystemId": "Dagger_Signature_Status",
            "TargetNodeName": "Handle",
            "PositionOffset": {
              "X": 0.4
            },
            "TargetEntityPart": "SecondaryItem"
          }
        ]
      }
    ]
  },
  "MaxDurability": 80,
  "DurabilityLossOnHit": 0.1,
  "Parent": "CAO_Weapon"
}
